{"Labels": {"_type": "images/separated", "width": 1600, "height": 1600, "format": "png", "count": 1, "captions": ["labels.png"]}, "_step": 2536, "_runtime": 634, "_timestamp": 1606965352, "Mosaics": {"_type": "images/separated", "width": 1280, "height": 1280, "format": "jpg", "count": 3, "captions": ["train_batch0.jpg", "train_batch1.jpg", "train_batch2.jpg"]}, "train/box_loss": 0.04423866420984268, "train/obj_loss": 0.051369793713092804, "train/cls_loss": 0.0, "metrics/precision": 0.9383340309564637, "metrics/recall": 1.0, "metrics/mAP_0.5": 0.9646353934571179, "metrics/mAP_0.5:0.95": 0.8310896480990276, "val/box_loss": 0.009963850490748882, "val/obj_loss": 0.024717025458812714, "val/cls_loss": 0.0, "x/lr0": 0.004111701341895524, "x/lr1": 0.004111701341895524, "x/lr2": 0.006711701341895512}