{"Labels": {"_type": "images/separated", "width": 1600, "height": 1600, "format": "png", "count": 1, "captions": ["labels.png"]}, "_step": 521, "_runtime": 48, "_timestamp": 1606963081, "train/box_loss": 0.08975866436958313, "train/obj_loss": 0.07924184203147888, "train/cls_loss": 0.0, "metrics/precision": 0.0, "metrics/recall": 0.0, "metrics/mAP_0.5": 0.010521973434535103, "metrics/mAP_0.5:0.95": 0.002987332068311195, "val/box_loss": 0.05615110322833061, "val/obj_loss": 0.051962219178676605, "val/cls_loss": 0.0, "x/lr0": 0.0003827388508817642, "x/lr1": 0.0003827388508817642, "x/lr2": 0.09648273885088177, "Mosaics": {"_type": "images/separated", "width": 1280, "height": 1280, "format": "jpg", "count": 3, "captions": ["train_batch0.jpg", "train_batch1.jpg", "train_batch2.jpg"]}}